Workbook
Name Slicer_Color_Clean: #N/A
Name Slicer_Company: #N/A
Name Slicer_Country: #N/A
Name Slicer_Owner_Order: #N/A

Sheet Manufacturing country
A1: Company | B1: Country
A2: BMW | B2: Germany
A3: Audi | B3: Germany
A4: Tesla | B4: USA
A5: Jaguar | B5: UK
A6: Mercedes | B6: Germany
A7: Volvo | B7: Sweden
A8: Cadillac | B8: USA
A9: Lexus | B9: Japan

Sheet Combined_Data
A1: Car | B1: Year | C1: KM Driven | D1: Color | E1: Transimission | F1: Owner | G1: Price (USD) | H1: Company | I1: Country | J1: Price_Clean | K1: Owner_Order | L1: Color_Clean
A2: BMW X5 | B2: 2012 | C2: 342358 | D2: White | E2: Automatic | F2: 1st owner | G2: $15400 | H2: =LEFT(A2,FIND(" ",A2)-1) -> BMW | I2: =_xlfn.XLOOKUP(H2,'Manufacturing country'!A:A,'Manufacturing country'!B:B,"Not Found") -> Germany | J2: =VALUE(SUBSTITUTE(SUBSTITUTE(G2,"$",""),",","")) -> 15400 | K2: =LEFT(F2,1) -> 1 | L2: =PROPER(TRIM(D2)) -> White
A3: Audi A3 | B3: 2017 | C3: 130000 | D3: Red | E3: Manual | F3: 2nd owner | G3: $24321 | H3: =LEFT(A3,FIND(" ",A3)-1) -> Audi | I3: =_xlfn.XLOOKUP(H3,'Manufacturing country'!A:A,'Manufacturing country'!B:B,"Not Found") -> Germany | J3: =VALUE(SUBSTITUTE(SUBSTITUTE(G3,"$",""),",","")) -> 24321 | K3: =LEFT(F3,1) -> 2 | L3: =PROPER(TRIM(D3)) -> Red
A4: Mercedes S-Class | B4: 2020 | C4: 92450 | D4: Black | E4: Automatic | F4: 3rd owner | G4: $102342 | H4: =LEFT(A4,FIND(" ",A4)-1) -> Mercedes | I4: =_xlfn.XLOOKUP(H4,'Manufacturing country'!A:A,'Manufacturing country'!B:B,"Not Found") -> Germany | J4: =VALUE(SUBSTITUTE(SUBSTITUTE(G4,"$",""),",","")) -> 102342 | K4: =LEFT(F4,1) -> 3 | L4: =PROPER(TRIM(D4)) -> Black
A5: BMW X5 | B5: 2020 | C5: 76240 | D5: White | E5: Automatic | F5: 2nd owner | G5: $55272 | H5: =LEFT(A5,FIND(" ",A5)-1) -> BMW | I5: =_xlfn.XLOOKUP(H5,'Manufacturing country'!A:A,'Manufacturing country'!B:B,"Not Found") -> Germany | J5: =VALUE(SUBSTITUTE(SUBSTITUTE(G5,"$",""),",","")) -> 55272 | K5: =LEFT(F5,1) -> 2 | L5: =PROPER(TRIM(D5)) -> White
A6: BMW X3 | B6: 2021 | C6: 17283 | D6: White | E6: Manual | F6: 1st owner | G6: $42000 | H6: =LEFT(A6,FIND(" ",A6)-1) -> BMW | I6: =_xlfn.XLOOKUP(H6,'Manufacturing country'!A:A,'Manufacturing country'!B:B,"Not Found") -> Germany | J6: =VALUE(SUBSTITUTE(SUBSTITUTE(G6,"$",""),",","")) -> 42000 | K6: =LEFT(F6,1) -> 1 | L6: =PROPER(TRIM(D6)) -> White
A7: Lexus RX350 | B7: 2020 | C7: 98312 | D7: Red | E7: Automatic | F7: 3rd owner | G7: $51292 | H7: =LEFT(A7,FIND(" ",A7)-1) -> Lexus | I7: =_xlfn.XLOOKUP(H7,'Manufacturing country'!A:A,'Manufacturing country'!B:B,"Not Found") -> Japan | J7: =VALUE(SUBSTITUTE(SUBSTITUTE(G7,"$",""),",","")) -> 51292 | K7: =LEFT(F7,1) -> 3 | L7: =PROPER(TRIM(D7)) -> Red
A8: BMW X3 | B8: 2018 | C8: 156784 | D8: Blue | E8: Manual | F8: 3rd owner | G8: $37605 | H8: =LEFT(A8,FIND(" ",A8)-1) -> BMW | I8: =_xlfn.XLOOKUP(H8,'Manufacturing country'!A:A,'Manufacturing country'!B:B,"Not Found") -> Germany | J8: =VALUE(SUBSTITUTE(SUBSTITUTE(G8,"$",""),",","")) -> 37605 | K8: =LEFT(F8,1) -> 3 | L8: =PROPER(TRIM(D8)) -> Blue
A9: BMW X5 | B9: 2019 | C9: 52034 | D9: Blue | E9: Automatic | F9: 1st owner | G9: $45000 | H9: =LEFT(A9,FIND(" ",A9)-1) -> BMW | I9: =_xlfn.XLOOKUP(H9,'Manufacturing country'!A:A,'Manufacturing country'!B:B,"Not Found") -> Germany | J9: =VALUE(SUBSTITUTE(SUBSTITUTE(G9,"$",""),",","")) -> 45000 | K9: =LEFT(F9,1) -> 1 | L9: =PROPER(TRIM(D9)) -> Blue
A10: BMW 3 Series | B10: 2011 | C10: 205204 | D10: Red | E10: Automatic | F10: 2nd owner | G10: $13241 | H10: =LEFT(A10,FIND(" ",A10)-1) -> BMW | I10: =_xlfn.XLOOKUP(H10,'Manufacturing country'!A:A,'Manufacturing country'!B:B,"Not Found") -> Germany | J10: =VALUE(SUBSTITUTE(SUBSTITUTE(G10,"$",""),",","")) -> 13241 | K10: =LEFT(F10,1) -> 2 | L10: =PROPER(TRIM(D10)) -> Red
A11: Mercedes S-Class | B11: 2014 | C11: 152985 | D11: Black | E11: Automatic | F11: 2nd owner | G11: $49344 | H11: =LEFT(A11,FIND(" ",A11)-1) -> Mercedes | I11: =_xlfn.XLOOKUP(H11,'Manufacturing country'!A:A,'Manufacturing country'!B:B,"Not Found") -> Germany | J11: =VALUE(SUBSTITUTE(SUBSTITUTE(G11,"$",""),",","")) -> 49344 | K11: =LEFT(F11,1) -> 2 | L11: =PROPER(TRIM(D11)) -> Black
A12: Tesla Model 3 | B12: 2018 | C12: 76429 | D12: Yellow | E12: Automatic | F12: 1st owner | G12: $52432 | H12: =LEFT(A12,FIND(" ",A12)-1) -> Tesla | I12: =_xlfn.XLOOKUP(H12,'Manufacturing country'!A:A,'Manufacturing country'!B:B,"Not Found") -> USA | J12: =VALUE(SUBSTITUTE(SUBSTITUTE(G12,"$",""),",","")) -> 52432 | K12: =LEFT(F12,1) -> 1 | L12: =PROPER(TRIM(D12)) -> Yellow
A13: Volvo XC90 | B13: 2013 | C13: 254028 | D13: Black | E13: Manual | F13: 2nd owner | G13: $17452 | H13: =LEFT(A13,FIND(" ",A13)-1) -> Volvo | I13: =_xlfn.XLOOKUP(H13,'Manufacturing country'!A:A,'Manufacturing country'!B:B,"Not Found") -> Sweden | J13: =VALUE(SUBSTITUTE(SUBSTITUTE(G13,"$",""),",","")) -> 17452 | K13: =LEFT(F13,1) -> 2 | L13: =PROPER(TRIM(D13)) -> Black
... A19: Lexus RX350 | B19: 2015 | C19: 130000 | D19: Black | E19: Automatic | F19: 4th owner | G19: $22520 | H19: =LEFT(A19,FIND(" ",A19)-1) -> Lexus | I19: =_xlfn.XLOOKUP(H19,'Manufacturing country'!A:A,'Manufacturing country'!B:B,"Not Found") -> Japan | J19: =VALUE(SUBSTITUTE(SUBSTITUTE(G19,"$",""),",","")) -> 22520 | K19: =LEFT(F19,1) -> 4 | L19: =PROPER(TRIM(D19)) -> Black

Sheet Pivot_Table
A3: Row Labels | B3: Count of Company
A4: BMW | B4: 7
A5: Lexus | B5: 3
A6: Mercedes | B6: 2
A7: Audi | B7: 2
A8: Cadillac | B8: 1
A9: Tesla | B9: 1
A10: Volvo | B10: 1
A11: Jaguar | B11: 1
A12: Grand Total | B12: 18
A14: Row Labels | B14: Count of Country
A15: Germany | B15: 11
A16: Japan | B16: 3
A17: USA | B17: 2
A18: UK | B18: 1
A19: Sweden | B19: 1
A20: Grand Total | B20: 18
A22: Row Labels | B22: Count of Color_Clean
A23: Yellow | B23: 1
A24: Blue | B24: 3
A25: Red | B25: 4
A26: Black | B26: 4
A27: White | B27: 6
A28: Grand Total | B28: 18
A32: Row Labels | B32: Average of Price_Clean
A33: 1 | B33: 36513.667
A34: 2 | B34: 30718
A35: 3 | B35: 63746.333
A36: 4 | B36: 22520
A37: Grand Total | B37: 37699.167
A38: Average Price | B38: =GETPIVOTDATA("Price_Clean",Pivot_Table!$A$32) -> 37699.167

Sheet Dashboard
